<keymap version="1" name="Mac OS X for zch" parent="Mac OS X">
  <action id="ActivateFavoritesToolWindow">
    <keyboard-shortcut first-keystroke="meta 8" />
  </action>
  <action id="ActivateFindToolWindow" />
  <action id="ActivateMavenProjectsToolWindow">
    <keyboard-shortcut first-keystroke="meta 3" />
  </action>
  <action id="ActivateMessagesToolWindow">
    <keyboard-shortcut first-keystroke="meta 7" />
  </action>
  <action id="ActivateSpringToolWindow">
    <keyboard-shortcut first-keystroke="meta 0" />
  </action>
  <action id="ActivateStructureToolWindow">
    <keyboard-shortcut first-keystroke="meta 2" />
  </action>
  <action id="ActivateVersionControlToolWindow">
    <keyboard-shortcut first-keystroke="meta 9" />
  </action>
  <action id="DuplicatesForm.SendToRight" />
  <action id="EditorLineEnd">
    <keyboard-shortcut first-keystroke="end" />
  </action>
  <action id="EditorLineStart">
    <keyboard-shortcut first-keystroke="home" />
  </action>
  <action id="FileChooser.GotoModule" />
  <action id="FileChooser.GotoProject" />
  <action id="Git.Branches">
    <keyboard-shortcut first-keystroke="ctrl alt b" />
  </action>
  <action id="Git.Commit.And.Push.Executor">
    <keyboard-shortcut first-keystroke="ctrl alt k" />
  </action>
  <action id="Git.Fetch">
    <keyboard-shortcut first-keystroke="ctrl alt f" />
  </action>
  <action id="Git.Menu">
    <keyboard-shortcut first-keystroke="ctrl alt g" />
  </action>
  <action id="IntroduceField" />
  <action id="IntroduceProperty" />
  <action id="Maven.ReimportProject">
    <keyboard-shortcut first-keystroke="ctrl r" />
  </action>
  <action id="NewClass">
    <keyboard-shortcut first-keystroke="ctrl meta alt n" />
  </action>
  <action id="RecentProjectListGroup">
    <keyboard-shortcut first-keystroke="ctrl alt o" />
  </action>
  <action id="WindowMenu">
    <keyboard-shortcut first-keystroke="alt back_quote" />
  </action>
</keymap>