<application>
  <component name="GitRememberedInputs">
    <option name="visitedUrls">
      <list>
        <UrlAndUserName>
          <option name="url" value="ssh://git@git.corp.haku-mata.cn:32200/youyinian/youyinian-api.git" />
          <option name="userName" value="" />
        </UrlAndUserName>
        <UrlAndUserName>
          <option name="url" value="git@github.com:zchdjb/jodd.git" />
          <option name="userName" value="" />
        </UrlAndUserName>
        <UrlAndUserName>
          <option name="url" value="ssh://git@github.com:zhangchenghuidev/X-MQ.git" />
          <option name="userName" value="" />
        </UrlAndUserName>
        <UrlAndUserName>
          <option name="url" value="http://github.com" />
          <option name="userName" value="zhangchenghui.dev@gmail.com" />
        </UrlAndUserName>
        <UrlAndUserName>
          <option name="url" value="http://gitee.com" />
          <option name="userName" value="zhangchenghui.dev@gmail.com" />
        </UrlAndUserName>
        <UrlAndUserName>
          <option name="url" value="http://git.x-vipay.com" />
          <option name="userName" value="zhangchenghui" />
        </UrlAndUserName>
      </list>
    </option>
    <option name="cloneParentDir" value="$USER_HOME$/Documents" />
  </component>
</application>