<application>
  <component name="FileTypeManager" version="18">
    <extensionMap>
      <mapping ext="gradle.kts" type="Kotlin" />
      <mapping ext="main.kts" type="Kotlin" />
      <mapping pattern=".gitkeep" type="PLAIN_TEXT" />
      <mapping ext="commandkvsizefilter" type="PLAIN_TEXT" />
      <mapping ext="mmdb" type="PLAIN_TEXT" />
      <mapping ext="data" type="PLAIN_TEXT" />
      <mapping ext="bean" type="PLAIN_TEXT" />
      <mapping ext="handler" type="PLAIN_TEXT" />
      <mapping ext="commandfilter" type="PLAIN_TEXT" />
      <mapping ext="interceptor" type="PLAIN_TEXT" />
      <mapping ext="original" type="PLAIN_TEXT" />
      <mapping ext="conf" type="PLAIN_TEXT" />
      <mapping ext="db" type="PLAIN_TEXT" />
      <removed_mapping ext="apk" approved="true" type="ARCHIVE" />
      <removed_mapping ext="psd" approved="true" type="Image" />
    </extensionMap>
  </component>
</application>