<application>
  <component name="IntentionManagerSettings">
    <ignoreAction name="Language Injection/Edit Injection Settings" />
    <ignoreAction name="Java/Control Flow/Reverse Direction of For Loop" />
    <ignoreAction name="Java/Control Flow/Extract While Loop Condition to Internal If Statement" />
    <ignoreAction name="Java/Concurrency/Convert to atomic" />
    <ignoreAction name="Java/Declaration/Split Declaration" />
    <ignoreAction name="Java/Modifiers/Change access modifier" />
  </component>
</application>