<application>
  <component name="FileTypeManager" version="17">
    <extensionMap>
      <mapping ext="main.kts" type="Kotlin" />
      <mapping ext="gradle.kts" type="Kotlin" />
      <mapping ext="bean" type="PLAIN_TEXT" />
      <mapping ext="mmdb" type="PLAIN_TEXT" />
      <mapping ext="data" type="PLAIN_TEXT" />
      <mapping ext="original" type="PLAIN_TEXT" />
      <mapping ext="interceptor" type="PLAIN_TEXT" />
      <mapping ext="db" type="PLAIN_TEXT" />
    </extensionMap>
  </component>
</application>